 0 C T k d O c w q i r K x { z A > v ! f y * = Q , H ) . I L < j J u ( D F G B S W 8 n + / M Z 2 4 g p U e t s a b Y - 7 l E X V m o 5 9 N 6 h ; } R 3 P 1 
48 0 0 0 0 0 0 0 0 0 0 0 0 0 0 0 0 0 0 0 0 0 0 8 0 0 0 0 0 0 0 0 0 0 0 0 0 0 0 0 0 0 0 0 0 0 0 0 0 0 0 0 0 0 0 0 0 0 0 0 0 0 0 0 0 0 0 0 0 0 0 0 0 0 0 0 0 0 
0 0 0 0 0 0 0 0 0 0 0 0 0 0 0 0 0 0 0 0 0 0 0 0 0 0 0 0 0 0 0 0 0 0 0 0 0 0 0 0 0 0 0 0 0 0 0 0 0 0 0 0 0 0 0 0 0 0 0 0 0 0 0 0 0 0 0 0 0 0 0 0 0 0 0 0 0 0 
8 0 0 0 0 0 0 0 0 0 0 0 0 0 0 0 0 0 0 0 0 0 0 0 0 0 0 0 0 0 0 0 0 0 0 0 0 0 0 0 0 0 0 0 0 0 0 0 0 0 0 0 0 0 0 0 0 0 0 0 0 0 0 0 0 0 0 0 0 0 0 0 0 0 0 0 0 0 
1 26 8615 8615 8615 8615 8615 8615 8615 8615 8615 8615 8615 8615 8 8615 8615 48 8615 59 8615 8615 8 48 8615 8 8615 8 0 8615 8615 48 8615 8615 8615 8 8615 8615 8615 8615 8615 8615 26 8615 8 8 8615 8615 26 26 8615 8615 8615 8615 8615 8615 8615 8615 8615 8 26 8615 8615 8615 8615 8615 8615 26 26 8615 26 8615 8 8 8615 26 8615 26 
7643 8069 0 0 0 0 0 0 0 0 0 0 0 0 0 0 0 0 0 0 0 0 0 0 0 0 0 0 0 0 0 0 0 0 0 0 0 0 0 0 0 0 8069 0 0 0 0 0 8069 8069 0 0 0 0 0 0 0 0 0 0 8069 0 0 0 0 0 0 8069 8069 0 8069 0 0 0 0 8069 0 8069 
8615 8615 8615 8615 8615 8615 8615 8615 8615 8615 8615 8615 8615 8615 0 8615 8615 0 8615 0 8615 8615 0 0 8615 0 8615 0 0 8615 8615 0 8615 8615 8615 0 8615 8615 8615 8615 8615 8615 8615 8615 0 0 8615 8615 8615 8615 8615 8615 8615 8615 8615 8615 8615 8615 8615 0 8615 8615 8615 8615 8615 8615 8615 8615 8615 8615 8615 8615 0 0 8615 8615 8615 8615 
26 26 0 0 0 0 0 0 0 0 0 0 0 0 0 0 0 0 0 0 0 0 0 0 0 0 0 0 397 0 0 0 0 0 0 0 0 0 0 0 0 0 26 0 0 0 0 0 26 26 0 0 0 0 0 0 0 0 0 0 26 0 0 0 0 0 0 26 26 0 26 0 0 0 0 26 0 26 
59 0 0 0 0 0 0 0 0 0 0 0 0 0 0 0 0 0 0 0 0 0 0 8 0 0 0 0 0 0 0 0 0 0 0 0 0 0 0 0 0 0 0 0 0 0 0 0 0 0 0 0 0 0 0 0 0 0 0 0 0 0 0 0 0 0 0 0 0 0 0 0 0 0 0 0 0 0 
7268 7268 0 0 0 0 0 0 0 0 0 0 0 0 0 0 0 0 0 0 0 0 0 0 0 0 0 0 0 0 0 0 0 0 0 0 0 0 0 0 0 0 7268 0 0 0 0 0 7268 7268 0 0 0 0 0 0 0 0 0 0 7268 0 7643 0 0 0 0 7268 7268 0 7268 0 0 0 0 7268 0 7268 
8069 8069 0 0 0 0 0 0 0 0 0 0 0 0 0 0 0 0 0 0 0 0 0 0 0 0 0 0 0 0 0 0 0 0 0 0 0 0 0 0 0 0 8069 0 0 0 0 0 8069 8069 0 0 0 0 0 0 0 0 0 0 8069 0 0 0 0 0 0 8069 8069 0 8069 0 0 0 0 8069 0 8069 
397 7268 0 0 0 0 0 0 0 0 0 0 0 0 0 0 0 0 0 0 0 0 0 0 0 0 0 0 0 0 0 0 0 0 0 0 0 0 0 0 0 0 7268 0 0 0 0 0 7268 7268 0 0 0 0 0 0 0 0 0 0 7268 0 0 0 0 0 0 7268 7268 0 7268 0 0 0 0 7268 0 7268 
